"id","name","type","state","city","address","latitude","longitude","phone","email","website","prayer_times","facilities","capacity","established_year","notes"
"1","Masjid Example 1","Masjid","Selangor","Klang","Jalan Masjid Example 1","0.0000","0.0000","03-0000 1001","contact1@example.com","www.masjidexample1.my","Fajr: 05:30, Dhuhr: 13:15, Asr: 16:30, Maghrib: 19:30, Isha: 20:45","Wi-Fi, Parking, Surau, Community Center","105","1981","Generic note about this mosque."
"2","Surau Example 2","Surau","Selangor","Puchong","Jalan Surau Example 2","0.0000","0.0000","03-0000 1002","contact2@example.com","www.surauexample2.my","Fajr: 05:30, Dhuhr: 13:15, Asr: 16:30, Maghrib: 19:30, Isha: 20:45","Wi-Fi, Parking, Surau, Community Center","110","1982","Generic note about this mosque."
"3","Masjid Example 3","Masjid","Kedah","Alor Setar","Jalan Masjid Example 3","0.0000","0.0000","03-0000 1003","contact3@example.com","www.masjidexample3.my","Fajr: 05:30, Dhuhr: 13:15, Asr: 16:30, Maghrib: 19:30, Isha: 20:45","Wi-Fi, Parking, Surau, Community Center","115","1983","Generic note about this mosque."
"4","Surau Example 4","Surau","Penang","George Town","Jalan Surau Example 4","0.0000","0.0000","03-0000 1004","contact4@example.com","www.surauexample4.my","Fajr: 05:30, Dhuhr: 13:15, Asr: 16:30, Maghrib: 19:30, Isha: 20:45","Wi-Fi, Parking, Surau, Community Center","120","1984","Generic note about this mosque."
"5","Masjid Example 5","Masjid","Johor","Johor Bahru","Jalan Masjid Example 5","0.0000","0.0000","03-0000 1005","contact5@example.com","www.masjidexample5.my","Fajr: 05:30, Dhuhr: 13:15, Asr: 16:30, Maghrib: 19:30, Isha: 20:45","Wi-Fi, Parking, Surau, Community Center","125","1985","Generic note about this mosque."
"6","Surau Example 6","Surau","Kuala Lumpur","Kuala Lumpur","Jalan Surau Example 6","0.0000","0.0000","03-0000 1006","contact6@example.com","www.surauexample6.my","Fajr: 05:30, Dhuhr: 13:15, Asr: 16:30, Maghrib: 19:30, Isha: 20:45","Wi-Fi, Parking, Surau, Community Center","130","1986","Generic note about this mosque."
"7","Masjid Example 7","Masjid","Perak","Ipoh","Jalan Masjid Example 7","0.0000","0.0000","03-0000 1007","contact7@example.com","www.masjidexample7.my","Fajr: 05:30, Dhuhr: 13:15, Asr: 16:30, Maghrib: 19:30, Isha: 20:45","Wi-Fi, Parking, Surau, Community Center","135","1987","Generic note about this mosque."
"8","Surau Example 8","Surau","Negeri Sembilan","Seremban","Jalan Surau Example 8","0.0000","0.0000","03-0000 1008","contact8@example.com","www.surauexample8.my","Fajr: 05:30, Dhuhr: 13:15, Asr: 16:30, Maghrib: 19:30, Isha: 20:45","Wi-Fi, Parking, Surau, Community Center","140","1988","Generic note about this mosque."
"9","Masjid Example 9","Masjid","Malacca","Malacca City","Jalan Masjid Example 9","0.0000","0.0000","03-0000 1009","contact9@example.com","www.masjidexample9.my","Fajr: 05:30, Dhuhr: 13:15, Asr: 16:30, Maghrib: 19:30, Isha: 20:45","Wi-Fi, Parking, Surau, Community Center","145","1989","Generic note about this mosque."
"10","Surau Example 10","Surau","Selangor","Shah Alam","Jalan Surau Example 10","0.0000","0.0000","03-0000 1010","contact10@example.com","www.surauexample10.my","Fajr: 05:30, Dhuhr: 13:15, Asr: 16:30, Maghrib: 19:30, Isha: 20:45","Wi-Fi, Parking, Surau, Community Center","150","1990","Generic note about this mosque."
"11","Masjid Example 11","Masjid","Selangor","Klang","Jalan Masjid Example 11","0.0000","0.0000","03-0000 1011","contact11@example.com","www.masjidexample11.my","Fajr: 05:30, Dhuhr: 13:15, Asr: 16:30, Maghrib: 19:30, Isha: 20:45","Wi-Fi, Parking, Surau, Community Center","155","1991","Generic note about this mosque."
"12","Surau Example 12","Surau","Selangor","Puchong","Jalan Surau Example 12","0.0000","0.0000","03-0000 1012","contact12@example.com","www.surauexample12.my","Fajr: 05:30, Dhuhr: 13:15, Asr: 16:30, Maghrib: 19:30, Isha: 20:45","Wi-Fi, Parking, Surau, Community Center","160","1992","Generic note about this mosque."
"13","Masjid Example 13","Masjid","Kedah","Alor Setar","Jalan Masjid Example 13","0.0000","0.0000","03-0000 1013","contact13@example.com","www.masjidexample13.my","Fajr: 05:30, Dhuhr: 13:15, Asr: 16:30, Maghrib: 19:30, Isha: 20:45","Wi-Fi, Parking, Surau, Community Center","165","1993","Generic note about this mosque."
"14","Surau Example 14","Surau","Penang","George Town","Jalan Surau Example 14","0.0000","0.0000","03-0000 1014","contact14@example.com","www.surauexample14.my","Fajr: 05:30, Dhuhr: 13:15, Asr: 16:30, Maghrib: 19:30, Isha: 20:45","Wi-Fi, Parking, Surau, Community Center","170","1994","Generic note about this mosque."
"15","Masjid Example 15","Masjid","Johor","Johor Bahru","Jalan Masjid Example 15","0.0000","0.0000","03-0000 1015","contact15@example.com","www.masjidexample15.my","Fajr: 05:30, Dhuhr: 13:15, Asr: 16:30, Maghrib: 19:30, Isha: 20:45","Wi-Fi, Parking, Surau, Community Center","175","1995","Generic note about this mosque."
"16","Surau Example 16","Surau","Kuala Lumpur","Kuala Lumpur","Jalan Surau Example 16","0.0000","0.0000","03-0000 1016","contact16@example.com","www.surauexample16.my","Fajr: 05:30, Dhuhr: 13:15, Asr: 16:30, Maghrib: 19:30, Isha: 20:45","Wi-Fi, Parking, Surau, Community Center","180","1996","Generic note about this mosque."
"17","Masjid Example 17","Masjid","Perak","Ipoh","Jalan Masjid Example 17","0.0000","0.0000","03-0000 1017","contact17@example.com","www.masjidexample17.my","Fajr: 05:30, Dhuhr: 13:15, Asr: 16:30, Maghrib: 19:30, Isha: 20:45","Wi-Fi, Parking, Surau, Community Center","185","1997","Generic note about this mosque."
"18","Surau Example 18","Surau","Negeri Sembilan","Seremban","Jalan Surau Example 18","0.0000","0.0000","03-0000 1018","contact18@example.com","www.surauexample18.my","Fajr: 05:30, Dhuhr: 13:15, Asr: 16:30, Maghrib: 19:30, Isha: 20:45","Wi-Fi, Parking, Surau, Community Center","190","1998","Generic note about this mosque."
"19","Masjid Example 19","Masjid","Malacca","Malacca City","Jalan Masjid Example 19","0.0000","0.0000","03-0000 1019","contact19@example.com","www.masjidexample19.my","Fajr: 05:30, Dhuhr: 13:15, Asr: 16:30, Maghrib: 19:30, Isha: 20:45","Wi-Fi, Parking, Surau, Community Center","195","1999","Generic note about this mosque."
"20","Surau Example 20","Surau","Selangor","Shah Alam","Jalan Surau Example 20","0.0000","0.0000","03-0000 1020","contact20@example.com","www.surauexample20.my","Fajr: 05:30, Dhuhr: 13:15, Asr: 16:30, Maghrib: 19:30, Isha: 20:45","Wi-Fi, Parking, Surau, Community Center","200","2000","Generic note about this mosque."
"21","Masjid Example 21","Masjid","Selangor","Klang","Jalan Masjid Example 21","0.0000","0.0000","03-0000 1021","contact21@example.com","www.masjidexample21.my","Fajr: 05:30, Dhuhr: 13:15, Asr: 16:30, Maghrib: 19:30, Isha: 20:45","Wi-Fi, Parking, Surau, Community Center","205","2001","Generic note about this mosque."
"22","Surau Example 22","Surau","Selangor","Puchong","Jalan Surau Example 22","0.0000","0.0000","03-0000 1022","contact22@example.com","www.surauexample22.my","Fajr: 05:30, Dhuhr: 13:15, Asr: 16:30, Maghrib: 19:30, Isha: 20:45","Wi-Fi, Parking, Surau, Community Center","210","2002","Generic note about this mosque."
"23","Masjid Example 23","Masjid","Kedah","Alor Setar","Jalan Masjid Example 23","0.0000","0.0000","03-0000 1023","contact23@example.com","www.masjidexample23.my","Fajr: 05:30, Dhuhr: 13:15, Asr: 16:30, Maghrib: 19:30, Isha: 20:45","Wi-Fi, Parking, Surau, Community Center","215","2003","Generic note about this mosque."
"24","Surau Example 24","Surau","Penang","George Town","Jalan Surau Example 24","0.0000","0.0000","03-0000 1024","contact24@example.com","www.surauexample24.my","Fajr: 05:30, Dhuhr: 13:15, Asr: 16:30, Maghrib: 19:30, Isha: 20:45","Wi-Fi, Parking, Surau, Community Center","220","2004","Generic note about this mosque."
"25","Masjid Example 25","Masjid","Johor","Johor Bahru","Jalan Masjid Example 25","0.0000","0.0000","03-0000 1025","contact25@example.com","www.masjidexample25.my","Fajr: 05:30, Dhuhr: 13:15, Asr: 16:30, Maghrib: 19:30, Isha: 20:45","Wi-Fi, Parking, Surau, Community Center","225","2005","Generic note about this mosque."
"26","Surau Example 26","Surau","Kuala Lumpur","Kuala Lumpur","Jalan Surau Example 26","0.0000","0.0000","03-0000 1026","contact26@example.com","www.surauexample26.my","Fajr: 05:30, Dhuhr: 13:15, Asr: 16:30, Maghrib: 19:30, Isha: 20:45","Wi-Fi, Parking, Surau, Community Center","230","2006","Generic note about this mosque."
"27","Masjid Example 27","Masjid","Perak","Ipoh","Jalan Masjid Example 27","0.0000","0.0000","03-0000 1027","contact27@example.com","www.masjidexample27.my","Fajr: 05:30, Dhuhr: 13:15, Asr: 16:30, Maghrib: 19:30, Isha: 20:45","Wi-Fi, Parking, Surau, Community Center","235","2007","Generic note about this mosque."
"28","Surau Example 28","Surau","Negeri Sembilan","Seremban","Jalan Surau Example 28","0.0000","0.0000","03-0000 1028","contact28@example.com","www.surauexample28.my","Fajr: 05:30, Dhuhr: 13:15, Asr: 16:30, Maghrib: 19:30, Isha: 20:45","Wi-Fi, Parking, Surau, Community Center","240","2008","Generic note about this mosque."
"29","Masjid Example 29","Masjid","Malacca","Malacca City","Jalan Masjid Example 29","0.0000","0.0000","03-0000 1029","contact29@example.com","www.masjidexample29.my","Fajr: 05:30, Dhuhr: 13:15, Asr: 16:30, Maghrib: 19:30, Isha: 20:45","Wi-Fi, Parking, Surau, Community Center","245","2009","Generic note about this mosque."
"30","Surau Example 30","Surau","Selangor","Shah Alam","Jalan Surau Example 30","0.0000","0.0000","03-0000 1030","contact30@example.com","www.surauexample30.my","Fajr: 05:30, Dhuhr: 13:15, Asr: 16:30, Maghrib: 19:30, Isha: 20:45","Wi-Fi, Parking, Surau, Community Center","250","2010","Generic note about this mosque."
"31","Masjid Example 31","Masjid","Selangor","Klang","Jalan Masjid Example 31","0.0000","0.0000","03-0000 1031","contact31@example.com","www.masjidexample31.my","Fajr: 05:30, Dhuhr: 13:15, Asr: 16:30, Maghrib: 19:30, Isha: 20:45","Wi-Fi, Parking, Surau, Community Center","255","2011","Generic note about this mosque."
"32","Surau Example 32","Surau","Selangor","Puchong","Jalan Surau Example 32","0.0000","0.0000","03-0000 1032","contact32@example.com","www.surauexample32.my","Fajr: 05:30, Dhuhr: 13:15, Asr: 16:30, Maghrib: 19:30, Isha: 20:45","Wi-Fi, Parking, Surau, Community Center","260","2012","Generic note about this mosque."
"33","Masjid Example 33","Masjid","Kedah","Alor Setar","Jalan Masjid Example 33","0.0000","0.0000","03-0000 1033","contact33@example.com","www.masjidexample33.my","Fajr: 05:30, Dhuhr: 13:15, Asr: 16:30, Maghrib: 19:30, Isha: 20:45","Wi-Fi, Parking, Surau, Community Center","265","2013","Generic note about this mosque."
"34","Surau Example 34","Surau","Penang","George Town","Jalan Surau Example 34","0.0000","0.0000","03-0000 1034","contact34@example.com","www.surauexample34.my","Fajr: 05:30, Dhuhr: 13:15, Asr: 16:30, Maghrib: 19:30, Isha: 20:45","Wi-Fi, Parking, Surau, Community Center","270","2014","Generic note about this mosque."
"35","Masjid Example 35","Masjid","Johor","Johor Bahru","Jalan Masjid Example 35","0.0000","0.0000","03-0000 1035","contact35@example.com","www.masjidexample35.my","Fajr: 05:30, Dhuhr: 13:15, Asr: 16:30, Maghrib: 19:30, Isha: 20:45","Wi-Fi, Parking, Surau, Community Center","275","2015","Generic note about this mosque."
"36","Surau Example 36","Surau","Kuala Lumpur","Kuala Lumpur","Jalan Surau Example 36","0.0000","0.0000","03-0000 1036","contact36@example.com","www.surauexample36.my","Fajr: 05:30, Dhuhr: 13:15, Asr: 16:30, Maghrib: 19:30, Isha: 20:45","Wi-Fi, Parking, Surau, Community Center","280","2016","Generic note about this mosque."
"37","Masjid Example 37","Masjid","Perak","Ipoh","Jalan Masjid Example 37","0.0000","0.0000","03-0000 1037","contact37@example.com","www.masjidexample37.my","Fajr: 05:30, Dhuhr: 13:15, Asr: 16:30, Maghrib: 19:30, Isha: 20:45","Wi-Fi, Parking, Surau, Community Center","285","2017","Generic note about this mosque."
"38","Surau Example 38","Surau","Negeri Sembilan","Seremban","Jalan Surau Example 38","0.0000","0.0000","03-0000 1038","contact38@example.com","www.surauexample38.my","Fajr: 05:30, Dhuhr: 13:15, Asr: 16:30, Maghrib: 19:30, Isha: 20:45","Wi-Fi, Parking, Surau, Community Center","290","2018","Generic note about this mosque."
"39","Masjid Example 39","Masjid","Malacca","Malacca City","Jalan Masjid Example 39","0.0000","0.0000","03-0000 1039","contact39@example.com","www.masjidexample39.my","Fajr: 05:30, Dhuhr: 13:15, Asr: 16:30, Maghrib: 19:30, Isha: 20:45","Wi-Fi, Parking, Surau, Community Center","295","2019","Generic note about this mosque."
"40","Surau Example 40","Surau","Selangor","Shah Alam","Jalan Surau Example 40","0.0000","0.0000","03-0000 1040","contact40@example.com","www.surauexample40.my","Fajr: 05:30, Dhuhr: 13:15, Asr: 16:30, Maghrib: 19:30, Isha: 20:45","Wi-Fi, Parking, Surau, Community Center","300","1980","Generic note about this mosque."
"41","Masjid Example 41","Masjid","Selangor","Klang","Jalan Masjid Example 41","0.0000","0.0000","03-0000 1041","contact41@example.com","www.masjidexample41.my","Fajr: 05:30, Dhuhr: 13:15, Asr: 16:30, Maghrib: 19:30, Isha: 20:45","Wi-Fi, Parking, Surau, Community Center","305","1981","Generic note about this mosque."
"42","Surau Example 42","Surau","Selangor","Puchong","Jalan Surau Example 42","0.0000","0.0000","03-0000 1042","contact42@example.com","www.surauexample42.my","Fajr: 05:30, Dhuhr: 13:15, Asr: 16:30, Maghrib: 19:30, Isha: 20:45","Wi-Fi, Parking, Surau, Community Center","310","1982","Generic note about this mosque."
"43","Masjid Example 43","Masjid","Kedah","Alor Setar","Jalan Masjid Example 43","0.0000","0.0000","03-0000 1043","contact43@example.com","www.masjidexample43.my","Fajr: 05:30, Dhuhr: 13:15, Asr: 16:30, Maghrib: 19:30, Isha: 20:45","Wi-Fi, Parking, Surau, Community Center","315","1983","Generic note about this mosque."
"44","Surau Example 44","Surau","Penang","George Town","Jalan Surau Example 44","0.0000","0.0000","03-0000 1044","contact44@example.com","www.surauexample44.my","Fajr: 05:30, Dhuhr: 13:15, Asr: 16:30, Maghrib: 19:30, Isha: 20:45","Wi-Fi, Parking, Surau, Community Center","320","1984","Generic note about this mosque."
"45","Masjid Example 45","Masjid","Johor","Johor Bahru","Jalan Masjid Example 45","0.0000","0.0000","03-0000 1045","contact45@example.com","www.masjidexample45.my","Fajr: 05:30, Dhuhr: 13:15, Asr: 16:30, Maghrib: 19:30, Isha: 20:45","Wi-Fi, Parking, Surau, Community Center","325","1985","Generic note about this mosque."
"46","Surau Example 46","Surau","Kuala Lumpur","Kuala Lumpur","Jalan Surau Example 46","0.0000","0.0000","03-0000 1046","contact46@example.com","www.surauexample46.my","Fajr: 05:30, Dhuhr: 13:15, Asr: 16:30, Maghrib: 19:30, Isha: 20:45","Wi-Fi, Parking, Surau, Community Center","330","1986","Generic note about this mosque."
"47","Masjid Example 47","Masjid","Perak","Ipoh","Jalan Masjid Example 47","0.0000","0.0000","03-0000 1047","contact47@example.com","www.masjidexample47.my","Fajr: 05:30, Dhuhr: 13:15, Asr: 16:30, Maghrib: 19:30, Isha: 20:45","Wi-Fi, Parking, Surau, Community Center","335","1987","Generic note about this mosque."
"48","Surau Example 48","Surau","Negeri Sembilan","Seremban","Jalan Surau Example 48","0.0000","0.0000","03-0000 1048","contact48@example.com","www.surauexample48.my","Fajr: 05:30, Dhuhr: 13:15, Asr: 16:30, Maghrib: 19:30, Isha: 20:45","Wi-Fi, Parking, Surau, Community Center","340","1988","Generic note about this mosque."
"49","Masjid Example 49","Masjid","Malacca","Malacca City","Jalan Masjid Example 49","0.0000","0.0000","03-0000 1049","contact49@example.com","www.masjidexample49.my","Fajr: 05:30, Dhuhr: 13:15, Asr: 16:30, Maghrib: 19:30, Isha: 20:45","Wi-Fi, Parking, Surau, Community Center","345","1989","Generic note about this mosque."
"50","Surau Example 50","Surau","Selangor","Shah Alam","Jalan Surau Example 50","0.0000","0.0000","03-0000 1050","contact50@example.com","www.surauexample50.my","Fajr: 05:30, Dhuhr: 13:15, Asr: 16:30, Maghrib: 19:30, Isha: 20:45","Wi-Fi, Parking, Surau, Community Center","350","1990","Generic note about this mosque."
"51","Masjid Example 51","Masjid","Selangor","Klang","Jalan Masjid Example 51","0.0000","0.0000","03-0000 1051","contact51@example.com","www.masjidexample51.my","Fajr: 05:30, Dhuhr: 13:15, Asr: 16:30, Maghrib: 19:30, Isha: 20:45","Wi-Fi, Parking, Surau, Community Center","355","1991","Generic note about this mosque."
"52","Surau Example 52","Surau","Selangor","Puchong","Jalan Surau Example 52","0.0000","0.0000","03-0000 1052","contact52@example.com","www.surauexample52.my","Fajr: 05:30, Dhuhr: 13:15, Asr: 16:30, Maghrib: 19:30, Isha: 20:45","Wi-Fi, Parking, Surau, Community Center","360","1992","Generic note about this mosque."
"53","Masjid Example 53","Masjid","Kedah","Alor Setar","Jalan Masjid Example 53","0.0000","0.0000","03-0000 1053","contact53@example.com","www.masjidexample53.my","Fajr: 05:30, Dhuhr: 13:15, Asr: 16:30, Maghrib: 19:30, Isha: 20:45","Wi-Fi, Parking, Surau, Community Center","365","1993","Generic note about this mosque."
"54","Surau Example 54","Surau","Penang","George Town","Jalan Surau Example 54","0.0000","0.0000","03-0000 1054","contact54@example.com","www.surauexample54.my","Fajr: 05:30, Dhuhr: 13:15, Asr: 16:30, Maghrib: 19:30, Isha: 20:45","Wi-Fi, Parking, Surau, Community Center","370","1994","Generic note about this mosque."
"55","Masjid Example 55","Masjid","Johor","Johor Bahru","Jalan Masjid Example 55","0.0000","0.0000","03-0000 1055","contact55@example.com","www.masjidexample55.my","Fajr: 05:30, Dhuhr: 13:15, Asr: 16:30, Maghrib: 19:30, Isha: 20:45","Wi-Fi, Parking, Surau, Community Center","375","1995","Generic note about this mosque."
"56","Surau Example 56","Surau","Kuala Lumpur","Kuala Lumpur","Jalan Surau Example 56","0.0000","0.0000","03-0000 1056","contact56@example.com","www.surauexample56.my","Fajr: 05:30, Dhuhr: 13:15, Asr: 16:30, Maghrib: 19:30, Isha: 20:45","Wi-Fi, Parking, Surau, Community Center","380","1996","Generic note about this mosque."
"57","Masjid Example 57","Masjid","Perak","Ipoh","Jalan Masjid Example 57","0.0000","0.0000","03-0000 1057","contact57@example.com","www.masjidexample57.my","Fajr: 05:30, Dhuhr: 13:15, Asr: 16:30, Maghrib: 19:30, Isha: 20:45","Wi-Fi, Parking, Surau, Community Center","385","1997","Generic note about this mosque."
"58","Surau Example 58","Surau","Negeri Sembilan","Seremban","Jalan Surau Example 58","0.0000","0.0000","03-0000 1058","contact58@example.com","www.surauexample58.my","Fajr: 05:30, Dhuhr: 13:15, Asr: 16:30, Maghrib: 19:30, Isha: 20:45","Wi-Fi, Parking, Surau, Community Center","390","1998","Generic note about this mosque."
"59","Masjid Example 59","Masjid","Malacca","Malacca City","Jalan Masjid Example 59","0.0000","0.0000","03-0000 1059","contact59@example.com","www.masjidexample59.my","Fajr: 05:30, Dhuhr: 13:15, Asr: 16:30, Maghrib: 19:30, Isha: 20:45","Wi-Fi, Parking, Surau, Community Center","395","1999","Generic note about this mosque."
"60","Surau Example 60","Surau","Selangor","Shah Alam","Jalan Surau Example 60","0.0000","0.0000","03-0000 1060","contact60@example.com","www.surauexample60.my","Fajr: 05:30, Dhuhr: 13:15, Asr: 16:30, Maghrib: 19:30, Isha: 20:45","Wi-Fi, Parking, Surau, Community Center","400","2000","Generic note about this mosque."
"61","Masjid Example 61","Masjid","Selangor","Klang","Jalan Masjid Example 61","0.0000","0.0000","03-0000 1061","contact61@example.com","www.masjidexample61.my","Fajr: 05:30, Dhuhr: 13:15, Asr: 16:30, Maghrib: 19:30, Isha: 20:45","Wi-Fi, Parking, Surau, Community Center","405","2001","Generic note about this mosque."
"62","Surau Example 62","Surau","Selangor","Puchong","Jalan Surau Example 62","0.0000","0.0000","03-0000 1062","contact62@example.com","www.surauexample62.my","Fajr: 05:30, Dhuhr: 13:15, Asr: 16:30, Maghrib: 19:30, Isha: 20:45","Wi-Fi, Parking, Surau, Community Center","410","2002","Generic note about this mosque."
"63","Masjid Example 63","Masjid","Kedah","Alor Setar","Jalan Masjid Example 63","0.0000","0.0000","03-0000 1063","contact63@example.com","www.masjidexample63.my","Fajr: 05:30, Dhuhr: 13:15, Asr: 16:30, Maghrib: 19:30, Isha: 20:45","Wi-Fi, Parking, Surau, Community Center","415","2003","Generic note about this mosque."
"64","Surau Example 64","Surau","Penang","George Town","Jalan Surau Example 64","0.0000","0.0000","03-0000 1064","contact64@example.com","www.surauexample64.my","Fajr: 05:30, Dhuhr: 13:15, Asr: 16:30, Maghrib: 19:30, Isha: 20:45","Wi-Fi, Parking, Surau, Community Center","420","2004","Generic note about this mosque."
"65","Masjid Example 65","Masjid","Johor","Johor Bahru","Jalan Masjid Example 65","0.0000","0.0000","03-0000 1065","contact65@example.com","www.masjidexample65.my","Fajr: 05:30, Dhuhr: 13:15, Asr: 16:30, Maghrib: 19:30, Isha: 20:45","Wi-Fi, Parking, Surau, Community Center","425","2005","Generic note about this mosque."
"66","Surau Example 66","Surau","Kuala Lumpur","Kuala Lumpur","Jalan Surau Example 66","0.0000","0.0000","03-0000 1066","contact66@example.com","www.surauexample66.my","Fajr: 05:30, Dhuhr: 13:15, Asr: 16:30, Maghrib: 19:30, Isha: 20:45","Wi-Fi, Parking, Surau, Community Center","430","2006","Generic note about this mosque."
"67","Masjid Example 67","Masjid","Perak","Ipoh","Jalan Masjid Example 67","0.0000","0.0000","03-0000 1067","contact67@example.com","www.masjidexample67.my","Fajr: 05:30, Dhuhr: 13:15, Asr: 16:30, Maghrib: 19:30, Isha: 20:45","Wi-Fi, Parking, Surau, Community Center","435","2007","Generic note about this mosque."
"68","Surau Example 68","Surau","Negeri Sembilan","Seremban","Jalan Surau Example 68","0.0000","0.0000","03-0000 1068","contact68@example.com","www.surauexample68.my","Fajr: 05:30, Dhuhr: 13:15, Asr: 16:30, Maghrib: 19:30, Isha: 20:45","Wi-Fi, Parking, Surau, Community Center","440","2008","Generic note about this mosque."
"69","Masjid Example 69","Masjid","Malacca","Malacca City","Jalan Masjid Example 69","0.0000","0.0000","03-0000 1069","contact69@example.com","www.masjidexample69.my","Fajr: 05:30, Dhuhr: 13:15, Asr: 16:30, Maghrib: 19:30, Isha: 20:45","Wi-Fi, Parking, Surau, Community Center","445","2009","Generic note about this mosque."
"70","Surau Example 70","Surau","Selangor","Shah Alam","Jalan Surau Example 70","0.0000","0.0000","03-0000 1070","contact70@example.com","www.surauexample70.my","Fajr: 05:30, Dhuhr: 13:15, Asr: 16:30, Maghrib: 19:30, Isha: 20:45","Wi-Fi, Parking, Surau, Community Center","450","2010","Generic note about this mosque."
"71","Masjid Example 71","Masjid","Selangor","Klang","Jalan Masjid Example 71","0.0000","0.0000","03-0000 1071","contact71@example.com","www.masjidexample71.my","Fajr: 05:30, Dhuhr: 13:15, Asr: 16:30, Maghrib: 19:30, Isha: 20:45","Wi-Fi, Parking, Surau, Community Center","455","2011","Generic note about this mosque."
"72","Surau Example 72","Surau","Selangor","Puchong","Jalan Surau Example 72","0.0000","0.0000","03-0000 1072","contact72@example.com","www.surauexample72.my","Fajr: 05:30, Dhuhr: 13:15, Asr: 16:30, Maghrib: 19:30, Isha: 20:45","Wi-Fi, Parking, Surau, Community Center","460","2012","Generic note about this mosque."
"73","Masjid Example 73","Masjid","Kedah","Alor Setar","Jalan Masjid Example 73","0.0000","0.0000","03-0000 1073","contact73@example.com","www.masjidexample73.my","Fajr: 05:30, Dhuhr: 13:15, Asr: 16:30, Maghrib: 19:30, Isha: 20:45","Wi-Fi, Parking, Surau, Community Center","465","2013","Generic note about this mosque."
"74","Surau Example 74","Surau","Penang","George Town","Jalan Surau Example 74","0.0000","0.0000","03-0000 1074","contact74@example.com","www.surauexample74.my","Fajr: 05:30, Dhuhr: 13:15, Asr: 16:30, Maghrib: 19:30, Isha: 20:45","Wi-Fi, Parking, Surau, Community Center","470","2014","Generic note about this mosque."
"75","Masjid Example 75","Masjid","Johor","Johor Bahru","Jalan Masjid Example 75","0.0000","0.0000","03-0000 1075","contact75@example.com","www.masjidexample75.my","Fajr: 05:30, Dhuhr: 13:15, Asr: 16:30, Maghrib: 19:30, Isha: 20:45","Wi-Fi, Parking, Surau, Community Center","475","2015","Generic note about this mosque."
"76","Surau Example 76","Surau","Kuala Lumpur","Kuala Lumpur","Jalan Surau Example 76","0.0000","0.0000","03-0000 1076","contact76@example.com","www.surauexample76.my","Fajr: 05:30, Dhuhr: 13:15, Asr: 16:30, Maghrib: 19:30, Isha: 20:45","Wi-Fi, Parking, Surau, Community Center","480","2016","Generic note about this mosque."
"77","Masjid Example 77","Masjid","Perak","Ipoh","Jalan Masjid Example 77","0.0000","0.0000","03-0000 1077","contact77@example.com","www.masjidexample77.my","Fajr: 05:30, Dhuhr: 13:15, Asr: 16:30, Maghrib: 19:30, Isha: 20:45","Wi-Fi, Parking, Surau, Community Center","485","2017","Generic note about this mosque."
"78","Surau Example 78","Surau","Negeri Sembilan","Seremban","Jalan Surau Example 78","0.0000","0.0000","03-0000 1078","contact78@example.com","www.surauexample78.my","Fajr: 05:30, Dhuhr: 13:15, Asr: 16:30, Maghrib: 19:30, Isha: 20:45","Wi-Fi, Parking, Surau, Community Center","490","2018","Generic note about this mosque."
"79","Masjid Example 79","Masjid","Malacca","Malacca City","Jalan Masjid Example 79","0.0000","0.0000","03-0000 1079","contact79@example.com","www.masjidexample79.my","Fajr: 05:30, Dhuhr: 13:15, Asr: 16:30, Maghrib: 19:30, Isha: 20:45","Wi-Fi, Parking, Surau, Community Center","495","2019","Generic note about this mosque."
"80","Surau Example 80","Surau","Selangor","Shah Alam","Jalan Surau Example 80","0.0000","0.0000","03-0000 1080","contact80@example.com","www.surauexample80.my","Fajr: 05:30, Dhuhr: 13:15, Asr: 16:30, Maghrib: 19:30, Isha: 20:45","Wi-Fi, Parking, Surau, Community Center","500","1980","Generic note about this mosque."
"81","Masjid Example 81","Masjid","Selangor","Klang","Jalan Masjid Example 81","0.0000","0.0000","03-0000 1081","contact81@example.com","www.masjidexample81.my","Fajr: 05:30, Dhuhr: 13:15, Asr: 16:30, Maghrib: 19:30, Isha: 20:45","Wi-Fi, Parking, Surau, Community Center","505","1981","Generic note about this mosque."
"82","Surau Example 82","Surau","Selangor","Puchong","Jalan Surau Example 82","0.0000","0.0000","03-0000 1082","contact82@example.com","www.surauexample82.my","Fajr: 05:30, Dhuhr: 13:15, Asr: 16:30, Maghrib: 19:30, Isha: 20:45","Wi-Fi, Parking, Surau, Community Center","510","1982","Generic note about this mosque."
"83","Masjid Example 83","Masjid","Kedah","Alor Setar","Jalan Masjid Example 83","0.0000","0.0000","03-0000 1083","contact83@example.com","www.masjidexample83.my","Fajr: 05:30, Dhuhr: 13:15, Asr: 16:30, Maghrib: 19:30, Isha: 20:45","Wi-Fi, Parking, Surau, Community Center","515","1983","Generic note about this mosque."
"84","Surau Example 84","Surau","Penang","George Town","Jalan Surau Example 84","0.0000","0.0000","03-0000 1084","contact84@example.com","www.surauexample84.my","Fajr: 05:30, Dhuhr: 13:15, Asr: 16:30, Maghrib: 19:30, Isha: 20:45","Wi-Fi, Parking, Surau, Community Center","520","1984","Generic note about this mosque."
"85","Masjid Example 85","Masjid","Johor","Johor Bahru","Jalan Masjid Example 85","0.0000","0.0000","03-0000 1085","contact85@example.com","www.masjidexample85.my","Fajr: 05:30, Dhuhr: 13:15, Asr: 16:30, Maghrib: 19:30, Isha: 20:45","Wi-Fi, Parking, Surau, Community Center","525","1985","Generic note about this mosque."
"86","Surau Example 86","Surau","Kuala Lumpur","Kuala Lumpur","Jalan Surau Example 86","0.0000","0.0000","03-0000 1086","contact86@example.com","www.surauexample86.my","Fajr: 05:30, Dhuhr: 13:15, Asr: 16:30, Maghrib: 19:30, Isha: 20:45","Wi-Fi, Parking, Surau, Community Center","530","1986","Generic note about this mosque."
"87","Masjid Example 87","Masjid","Perak","Ipoh","Jalan Masjid Example 87","0.0000","0.0000","03-0000 1087","contact87@example.com","www.masjidexample87.my","Fajr: 05:30, Dhuhr: 13:15, Asr: 16:30, Maghrib: 19:30, Isha: 20:45","Wi-Fi, Parking, Surau, Community Center","535","1987","Generic note about this mosque."
"88","Surau Example 88","Surau","Negeri Sembilan","Seremban","Jalan Surau Example 88","0.0000","0.0000","03-0000 1088","contact88@example.com","www.surauexample88.my","Fajr: 05:30, Dhuhr: 13:15, Asr: 16:30, Maghrib: 19:30, Isha: 20:45","Wi-Fi, Parking, Surau, Community Center","540","1988","Generic note about this mosque."
"89","Masjid Example 89","Masjid","Malacca","Malacca City","Jalan Masjid Example 89","0.0000","0.0000","03-0000 1089","contact89@example.com","www.masjidexample89.my","Fajr: 05:30, Dhuhr: 13:15, Asr: 16:30, Maghrib: 19:30, Isha: 20:45","Wi-Fi, Parking, Surau, Community Center","545","1989","Generic note about this mosque."
"90","Surau Example 90","Surau","Selangor","Shah Alam","Jalan Surau Example 90","0.0000","0.0000","03-0000 1090","contact90@example.com","www.surauexample90.my","Fajr: 05:30, Dhuhr: 13:15, Asr: 16:30, Maghrib: 19:30, Isha: 20:45","Wi-Fi, Parking, Surau, Community Center","550","1990","Generic note about this mosque."
"91","Masjid Example 91","Masjid","Selangor","Klang","Jalan Masjid Example 91","0.0000","0.0000","03-0000 1091","contact91@example.com","www.masjidexample91.my","Fajr: 05:30, Dhuhr: 13:15, Asr: 16:30, Maghrib: 19:30, Isha: 20:45","Wi-Fi, Parking, Surau, Community Center","555","1991","Generic note about this mosque."
"92","Surau Example 92","Surau","Selangor","Puchong","Jalan Surau Example 92","0.0000","0.0000","03-0000 1092","contact92@example.com","www.surauexample92.my","Fajr: 05:30, Dhuhr: 13:15, Asr: 16:30, Maghrib: 19:30, Isha: 20:45","Wi-Fi, Parking, Surau, Community Center","560","1992","Generic note about this mosque."
"93","Masjid Example 93","Masjid","Kedah","Alor Setar","Jalan Masjid Example 93","0.0000","0.0000","03-0000 1093","contact93@example.com","www.masjidexample93.my","Fajr: 05:30, Dhuhr: 13:15, Asr: 16:30, Maghrib: 19:30, Isha: 20:45","Wi-Fi, Parking, Surau, Community Center","565","1993","Generic note about this mosque."
"94","Surau Example 94","Surau","Penang","George Town","Jalan Surau Example 94","0.0000","0.0000","03-0000 1094","contact94@example.com","www.surauexample94.my","Fajr: 05:30, Dhuhr: 13:15, Asr: 16:30, Maghrib: 19:30, Isha: 20:45","Wi-Fi, Parking, Surau, Community Center","570","1994","Generic note about this mosque."
"95","Masjid Example 95","Masjid","Johor","Johor Bahru","Jalan Masjid Example 95","0.0000","0.0000","03-0000 1095","contact95@example.com","www.masjidexample95.my","Fajr: 05:30, Dhuhr: 13:15, Asr: 16:30, Maghrib: 19:30, Isha: 20:45","Wi-Fi, Parking, Surau, Community Center","575","1995","Generic note about this mosque."
"96","Surau Example 96","Surau","Kuala Lumpur","Kuala Lumpur","Jalan Surau Example 96","0.0000","0.0000","03-0000 1096","contact96@example.com","www.surauexample96.my","Fajr: 05:30, Dhuhr: 13:15, Asr: 16:30, Maghrib: 19:30, Isha: 20:45","Wi-Fi, Parking, Surau, Community Center","580","1996","Generic note about this mosque."
"97","Masjid Example 97","Masjid","Perak","Ipoh","Jalan Masjid Example 97","0.0000","0.0000","03-0000 1097","contact97@example.com","www.masjidexample97.my","Fajr: 05:30, Dhuhr: 13:15, Asr: 16:30, Maghrib: 19:30, Isha: 20:45","Wi-Fi, Parking, Surau, Community Center","585","1997","Generic note about this mosque."
"98","Surau Example 98","Surau","Negeri Sembilan","Seremban","Jalan Surau Example 98","0.0000","0.0000","03-0000 1098","contact98@example.com","www.surauexample98.my","Fajr: 05:30, Dhuhr: 13:15, Asr: 16:30, Maghrib: 19:30, Isha: 20:45","Wi-Fi, Parking, Surau, Community Center","590","1998","Generic note about this mosque."
"99","Masjid Example 99","Masjid","Malacca","Malacca City","Jalan Masjid Example 99","0.0000","0.0000","03-0000 1099","contact99@example.com","www.masjidexample99.my","Fajr: 05:30, Dhuhr: 13:15, Asr: 16:30, Maghrib: 19:30, Isha: 20:45","Wi-Fi, Parking, Surau, Community Center","595","1999","Generic note about this mosque."
"100","Surau Example 100","Surau","Selangor","Shah Alam","Jalan Surau Example 100","0.0000","0.0000","03-0000 1100","contact100@example.com","www.surauexample100.my","Fajr: 05:30, Dhuhr: 13:15, Asr: 16:30, Maghrib: 19:30, Isha: 20:45","Wi-Fi, Parking, Surau, Community Center","600","2000","Generic note about this mosque."
"101","Masjid Example 101","Masjid","Selangor","Klang","Jalan Masjid Example 101","0.0000","0.0000","03-0000 1101","contact101@example.com","www.masjidexample101.my","Fajr: 05:30, Dhuhr: 13:15, Asr: 16:30, Maghrib: 19:30, Isha: 20:45","Wi-Fi, Parking, Surau, Community Center","605","2001","Generic note about this mosque."
"102","Surau Example 102","Surau","Selangor","Puchong","Jalan Surau Example 102","0.0000","0.0000","03-0000 1102","contact102@example.com","www.surauexample102.my","Fajr: 05:30, Dhuhr: 13:15, Asr: 16:30, Maghrib: 19:30, Isha: 20:45","Wi-Fi, Parking, Surau, Community Center","610","2002","Generic note about this mosque."
"103","Masjid Example 103","Masjid","Kedah","Alor Setar","Jalan Masjid Example 103","0.0000","0.0000","03-0000 1103","contact103@example.com","www.masjidexample103.my","Fajr: 05:30, Dhuhr: 13:15, Asr: 16:30, Maghrib: 19:30, Isha: 20:45","Wi-Fi, Parking, Surau, Community Center","615","2003","Generic note about this mosque."
"104","Surau Example 104","Surau","Penang","George Town","Jalan Surau Example 104","0.0000","0.0000","03-0000 1104","contact104@example.com","www.surauexample104.my","Fajr: 05:30, Dhuhr: 13:15, Asr: 16:30, Maghrib: 19:30, Isha: 20:45","Wi-Fi, Parking, Surau, Community Center","620","2004","Generic note about this mosque."
"105","Masjid Example 105","Masjid","Johor","Johor Bahru","Jalan Masjid Example 105","0.0000","0.0000","03-0000 1105","contact105@example.com","www.masjidexample105.my","Fajr: 05:30, Dhuhr: 13:15, Asr: 16:30, Maghrib: 19:30, Isha: 20:45","Wi-Fi, Parking, Surau, Community Center","625","2005","Generic note about this mosque."
"106","Surau Example 106","Surau","Kuala Lumpur","Kuala Lumpur","Jalan Surau Example 106","0.0000","0.0000","03-0000 1106","contact106@example.com","www.surauexample106.my","Fajr: 05:30, Dhuhr: 13:15, Asr: 16:30, Maghrib: 19:30, Isha: 20:45","Wi-Fi, Parking, Surau, Community Center","630","2006","Generic note about this mosque."
"107","Masjid Example 107","Masjid","Perak","Ipoh","Jalan Masjid Example 107","0.0000","0.0000","03-0000 1107","contact107@example.com","www.masjidexample107.my","Fajr: 05:30, Dhuhr: 13:15, Asr: 16:30, Maghrib: 19:30, Isha: 20:45","Wi-Fi, Parking, Surau, Community Center","635","2007","Generic note about this mosque."
"108","Surau Example 108","Surau","Negeri Sembilan","Seremban","Jalan Surau Example 108","0.0000","0.0000","03-0000 1108","contact108@example.com","www.surauexample108.my","Fajr: 05:30, Dhuhr: 13:15, Asr: 16:30, Maghrib: 19:30, Isha: 20:45","Wi-Fi, Parking, Surau, Community Center","640","2008","Generic note about this mosque."
"109","Masjid Example 109","Masjid","Malacca","Malacca City","Jalan Masjid Example 109","0.0000","0.0000","03-0000 1109","contact109@example.com","www.masjidexample109.my","Fajr: 05:30, Dhuhr: 13:15, Asr: 16:30, Maghrib: 19:30, Isha: 20:45","Wi-Fi, Parking, Surau, Community Center","645","2009","Generic note about this mosque."
"110","Surau Example 110","Surau","Selangor","Shah Alam","Jalan Surau Example 110","0.0000","0.0000","03-0000 1110","contact110@example.com","www.surauexample110.my","Fajr: 05:30, Dhuhr: 13:15, Asr: 16:30, Maghrib: 19:30, Isha: 20:45","Wi-Fi, Parking, Surau, Community Center","650","2010","Generic note about this mosque."
"111","Masjid Example 111","Masjid","Selangor","Klang","Jalan Masjid Example 111","0.0000","0.0000","03-0000 1111","contact111@example.com","www.masjidexample111.my","Fajr: 05:30, Dhuhr: 13:15, Asr: 16:30, Maghrib: 19:30, Isha: 20:45","Wi-Fi, Parking, Surau, Community Center","655","2011","Generic note about this mosque."
"112","Surau Example 112","Surau","Selangor","Puchong","Jalan Surau Example 112","0.0000","0.0000","03-0000 1112","contact112@example.com","www.surauexample112.my","Fajr: 05:30, Dhuhr: 13:15, Asr: 16:30, Maghrib: 19:30, Isha: 20:45","Wi-Fi, Parking, Surau, Community Center","660","2012","Generic note about this mosque."
"113","Masjid Example 113","Masjid","Kedah","Alor Setar","Jalan Masjid Example 113","0.0000","0.0000","03-0000 1113","contact113@example.com","www.masjidexample113.my","Fajr: 05:30, Dhuhr: 13:15, Asr: 16:30, Maghrib: 19:30, Isha: 20:45","Wi-Fi, Parking, Surau, Community Center","665","2013","Generic note about this mosque."
"114","Surau Example 114","Surau","Penang","George Town","Jalan Surau Example 114","0.0000","0.0000","03-0000 1114","contact114@example.com","www.surauexample114.my","Fajr: 05:30, Dhuhr: 13:15, Asr: 16:30, Maghrib: 19:30, Isha: 20:45","Wi-Fi, Parking, Surau, Community Center","670","2014","Generic note about this mosque."
"115","Masjid Example 115","Masjid","Johor","Johor Bahru","Jalan Masjid Example 115","0.0000","0.0000","03-0000 1115","contact115@example.com","www.masjidexample115.my","Fajr: 05:30, Dhuhr: 13:15, Asr: 16:30, Maghrib: 19:30, Isha: 20:45","Wi-Fi, Parking, Surau, Community Center","675","2015","Generic note about this mosque."
"116","Surau Example 116","Surau","Kuala Lumpur","Kuala Lumpur","Jalan Surau Example 116","0.0000","0.0000","03-0000 1116","contact116@example.com","www.surauexample116.my","Fajr: 05:30, Dhuhr: 13:15, Asr: 16:30, Maghrib: 19:30, Isha: 20:45","Wi-Fi, Parking, Surau, Community Center","680","2016","Generic note about this mosque."
"117","Masjid Example 117","Masjid","Perak","Ipoh","Jalan Masjid Example 117","0.0000","0.0000","03-0000 1117","contact117@example.com","www.masjidexample117.my","Fajr: 05:30, Dhuhr: 13:15, Asr: 16:30, Maghrib: 19:30, Isha: 20:45","Wi-Fi, Parking, Surau, Community Center","685","2017","Generic note about this mosque."
"118","Surau Example 118","Surau","Negeri Sembilan","Seremban","Jalan Surau Example 118","0.0000","0.0000","03-0000 1118","contact118@example.com","www.surauexample118.my","Fajr: 05:30, Dhuhr: 13:15, Asr: 16:30, Maghrib: 19:30, Isha: 20:45","Wi-Fi, Parking, Surau, Community Center","690","2018","Generic note about this mosque."
"119","Masjid Example 119","Masjid","Malacca","Malacca City","Jalan Masjid Example 119","0.0000","0.0000","03-0000 1119","contact119@example.com","www.masjidexample119.my","Fajr: 05:30, Dhuhr: 13:15, Asr: 16:30, Maghrib: 19:30, Isha: 20:45","Wi-Fi, Parking, Surau, Community Center","695","2019","Generic note about this mosque."
"120","Surau Example 120","Surau","Selangor","Shah Alam","Jalan Surau Example 120","0.0000","0.0000","03-0000 1120","contact120@example.com","www.surauexample120.my","Fajr: 05:30, Dhuhr: 13:15, Asr: 16:30, Maghrib: 19:30, Isha: 20:45","Wi-Fi, Parking, Surau, Community Center","700","1980","Generic note about this mosque."
"121","Masjid Example 121","Masjid","Selangor","Klang","Jalan Masjid Example 121","0.0000","0.0000","03-0000 1121","contact121@example.com","www.masjidexample121.my","Fajr: 05:30, Dhuhr: 13:15, Asr: 16:30, Maghrib: 19:30, Isha: 20:45","Wi-Fi, Parking, Surau, Community Center","705","1981","Generic note about this mosque."
"122","Surau Example 122","Surau","Selangor","Puchong","Jalan Surau Example 122","0.0000","0.0000","03-0000 1122","contact122@example.com","www.surauexample122.my","Fajr: 05:30, Dhuhr: 13:15, Asr: 16:30, Maghrib: 19:30, Isha: 20:45","Wi-Fi, Parking, Surau, Community Center","710","1982","Generic note about this mosque."
"123","Masjid Example 123","Masjid","Kedah","Alor Setar","Jalan Masjid Example 123","0.0000","0.0000","03-0000 1123","contact123@example.com","www.masjidexample123.my","Fajr: 05:30, Dhuhr: 13:15, Asr: 16:30, Maghrib: 19:30, Isha: 20:45","Wi-Fi, Parking, Surau, Community Center","715","1983","Generic note about this mosque."
"124","Surau Example 124","Surau","Penang","George Town","Jalan Surau Example 124","0.0000","0.0000","03-0000 1124","contact124@example.com","www.surauexample124.my","Fajr: 05:30, Dhuhr: 13:15, Asr: 16:30, Maghrib: 19:30, Isha: 20:45","Wi-Fi, Parking, Surau, Community Center","720","1984","Generic note about this mosque."
"125","Masjid Example 125","Masjid","Johor","Johor Bahru","Jalan Masjid Example 125","0.0000","0.0000","03-0000 1125","contact125@example.com","www.masjidexample125.my","Fajr: 05:30, Dhuhr: 13:15, Asr: 16:30, Maghrib: 19:30, Isha: 20:45","Wi-Fi, Parking, Surau, Community Center","725","1985","Generic note about this mosque."
"126","Surau Example 126","Surau","Kuala Lumpur","Kuala Lumpur","Jalan Surau Example 126","0.0000","0.0000","03-0000 1126","contact126@example.com","www.surauexample126.my","Fajr: 05:30, Dhuhr: 13:15, Asr: 16:30, Maghrib: 19:30, Isha: 20:45","Wi-Fi, Parking, Surau, Community Center","730","1986","Generic note about this mosque."
"127","Masjid Example 127","Masjid","Perak","Ipoh","Jalan Masjid Example 127","0.0000","0.0000","03-0000 1127","contact127@example.com","www.masjidexample127.my","Fajr: 05:30, Dhuhr: 13:15, Asr: 16:30, Maghrib: 19:30, Isha: 20:45","Wi-Fi, Parking, Surau, Community Center","735","1987","Generic note about this mosque."
"128","Surau Example 128","Surau","Negeri Sembilan","Seremban","Jalan Surau Example 128","0.0000","0.0000","03-0000 1128","contact128@example.com","www.surauexample128.my","Fajr: 05:30, Dhuhr: 13:15, Asr: 16:30, Maghrib: 19:30, Isha: 20:45","Wi-Fi, Parking, Surau, Community Center","740","1988","Generic note about this mosque."
"129","Masjid Example 129","Masjid","Malacca","Malacca City","Jalan Masjid Example 129","0.0000","0.0000","03-0000 1129","contact129@example.com","www.masjidexample129.my","Fajr: 05:30, Dhuhr: 13:15, Asr: 16:30, Maghrib: 19:30, Isha: 20:45","Wi-Fi, Parking, Surau, Community Center","745","1989","Generic note about this mosque."
"130","Surau Example 130","Surau","Selangor","Shah Alam","Jalan Surau Example 130","0.0000","0.0000","03-0000 1130","contact130@example.com","www.surauexample130.my","Fajr: 05:30, Dhuhr: 13:15, Asr: 16:30, Maghrib: 19:30, Isha: 20:45","Wi-Fi, Parking, Surau, Community Center","750","1990","Generic note about this mosque."
"131","Masjid Example 131","Masjid","Selangor","Klang","Jalan Masjid Example 131","0.0000","0.0000","03-0000 1131","contact131@example.com","www.masjidexample131.my","Fajr: 05:30, Dhuhr: 13:15, Asr: 16:30, Maghrib: 19:30, Isha: 20:45","Wi-Fi, Parking, Surau, Community Center","755","1991","Generic note about this mosque."
"132","Surau Example 132","Surau","Selangor","Puchong","Jalan Surau Example 132","0.0000","0.0000","03-0000 1132","contact132@example.com","www.surauexample132.my","Fajr: 05:30, Dhuhr: 13:15, Asr: 16:30, Maghrib: 19:30, Isha: 20:45","Wi-Fi, Parking, Surau, Community Center","760","1992","Generic note about this mosque."
"133","Masjid Example 133","Masjid","Kedah","Alor Setar","Jalan Masjid Example 133","0.0000","0.0000","03-0000 1133","contact133@example.com","www.masjidexample133.my","Fajr: 05:30, Dhuhr: 13:15, Asr: 16:30, Maghrib: 19:30, Isha: 20:45","Wi-Fi, Parking, Surau, Community Center","765","1993","Generic note about this mosque."
"134","Surau Example 134","Surau","Penang","George Town","Jalan Surau Example 134","0.0000","0.0000","03-0000 1134","contact134@example.com","www.surauexample134.my","Fajr: 05:30, Dhuhr: 13:15, Asr: 16:30, Maghrib: 19:30, Isha: 20:45","Wi-Fi, Parking, Surau, Community Center","770","1994","Generic note about this mosque."
"135","Masjid Example 135","Masjid","Johor","Johor Bahru","Jalan Masjid Example 135","0.0000","0.0000","03-0000 1135","contact135@example.com","www.masjidexample135.my","Fajr: 05:30, Dhuhr: 13:15, Asr: 16:30, Maghrib: 19:30, Isha: 20:45","Wi-Fi, Parking, Surau, Community Center","775","1995","Generic note about this mosque."
"136","Surau Example 136","Surau","Kuala Lumpur","Kuala Lumpur","Jalan Surau Example 136","0.0000","0.0000","03-0000 1136","contact136@example.com","www.surauexample136.my","Fajr: 05:30, Dhuhr: 13:15, Asr: 16:30, Maghrib: 19:30, Isha: 20:45","Wi-Fi, Parking, Surau, Community Center","780","1996","Generic note about this mosque."
"137","Masjid Example 137","Masjid","Perak","Ipoh","Jalan Masjid Example 137","0.0000","0.0000","03-0000 1137","contact137@example.com","www.masjidexample137.my","Fajr: 05:30, Dhuhr: 13:15, Asr: 16:30, Maghrib: 19:30, Isha: 20:45","Wi-Fi, Parking, Surau, Community Center","785","1997","Generic note about this mosque."
"138","Surau Example 138","Surau","Negeri Sembilan","Seremban","Jalan Surau Example 138","0.0000","0.0000","03-0000 1138","contact138@example.com","www.surauexample138.my","Fajr: 05:30, Dhuhr: 13:15, Asr: 16:30, Maghrib: 19:30, Isha: 20:45","Wi-Fi, Parking, Surau, Community Center","790","1998","Generic note about this mosque."
"139","Masjid Example 139","Masjid","Malacca","Malacca City","Jalan Masjid Example 139","0.0000","0.0000","03-0000 1139","contact139@example.com","www.masjidexample139.my","Fajr: 05:30, Dhuhr: 13:15, Asr: 16:30, Maghrib: 19:30, Isha: 20:45","Wi-Fi, Parking, Surau, Community Center","795","1999","Generic note about this mosque."
"140","Surau Example 140","Surau","Selangor","Shah Alam","Jalan Surau Example 140","0.0000","0.0000","03-0000 1140","contact140@example.com","www.surauexample140.my","Fajr: 05:30, Dhuhr: 13:15, Asr: 16:30, Maghrib: 19:30, Isha: 20:45","Wi-Fi, Parking, Surau, Community Center","800","2000","Generic note about this mosque."
"141","Masjid Example 141","Masjid","Selangor","Klang","Jalan Masjid Example 141","0.0000","0.0000","03-0000 1141","contact141@example.com","www.masjidexample141.my","Fajr: 05:30, Dhuhr: 13:15, Asr: 16:30, Maghrib: 19:30, Isha: 20:45","Wi-Fi, Parking, Surau, Community Center","805","2001","Generic note about this mosque."
"142","Surau Example 142","Surau","Selangor","Puchong","Jalan Surau Example 142","0.0000","0.0000","03-0000 1142","contact142@example.com","www.surauexample142.my","Fajr: 05:30, Dhuhr: 13:15, Asr: 16:30, Maghrib: 19:30, Isha: 20:45","Wi-Fi, Parking, Surau, Community Center","810","2002","Generic note about this mosque."
"143","Masjid Example 143","Masjid","Kedah","Alor Setar","Jalan Masjid Example 143","0.0000","0.0000","03-0000 1143","contact143@example.com","www.masjidexample143.my","Fajr: 05:30, Dhuhr: 13:15, Asr: 16:30, Maghrib: 19:30, Isha: 20:45","Wi-Fi, Parking, Surau, Community Center","815","2003","Generic note about this mosque."
"144","Surau Example 144","Surau","Penang","George Town","Jalan Surau Example 144","0.0000","0.0000","03-0000 1144","contact144@example.com","www.surauexample144.my","Fajr: 05:30, Dhuhr: 13:15, Asr: 16:30, Maghrib: 19:30, Isha: 20:45","Wi-Fi, Parking, Surau, Community Center","820","2004","Generic note about this mosque."
"145","Masjid Example 145","Masjid","Johor","Johor Bahru","Jalan Masjid Example 145","0.0000","0.0000","03-0000 1145","contact145@example.com","www.masjidexample145.my","Fajr: 05:30, Dhuhr: 13:15, Asr: 16:30, Maghrib: 19:30, Isha: 20:45","Wi-Fi, Parking, Surau, Community Center","825","2005","Generic note about this mosque."
"146","Surau Example 146","Surau","Kuala Lumpur","Kuala Lumpur","Jalan Surau Example 146","0.0000","0.0000","03-0000 1146","contact146@example.com","www.surauexample146.my","Fajr: 05:30, Dhuhr: 13:15, Asr: 16:30, Maghrib: 19:30, Isha: 20:45","Wi-Fi, Parking, Surau, Community Center","830","2006","Generic note about this mosque."
"147","Masjid Example 147","Masjid","Perak","Ipoh","Jalan Masjid Example 147","0.0000","0.0000","03-0000 1147","contact147@example.com","www.masjidexample147.my","Fajr: 05:30, Dhuhr: 13:15, Asr: 16:30, Maghrib: 19:30, Isha: 20:45","Wi-Fi, Parking, Surau, Community Center","835","2007","Generic note about this mosque."
"148","Surau Example 148","Surau","Negeri Sembilan","Seremban","Jalan Surau Example 148","0.0000","0.0000","03-0000 1148","contact148@example.com","www.surauexample148.my","Fajr: 05:30, Dhuhr: 13:15, Asr: 16:30, Maghrib: 19:30, Isha: 20:45","Wi-Fi, Parking, Surau, Community Center","840","2008","Generic note about this mosque."
"149","Masjid Example 149","Masjid","Malacca","Malacca City","Jalan Masjid Example 149","0.0000","0.0000","03-0000 1149","contact149@example.com","www.masjidexample149.my","Fajr: 05:30, Dhuhr: 13:15, Asr: 16:30, Maghrib: 19:30, Isha: 20:45","Wi-Fi, Parking, Surau, Community Center","845","2009","Generic note about this mosque."
"150","Surau Example 150","Surau","Selangor","Shah Alam","Jalan Surau Example 150","0.0000","0.0000","03-0000 1150","contact150@example.com","www.surauexample150.my","Fajr: 05:30, Dhuhr: 13:15, Asr: 16:30, Maghrib: 19:30, Isha: 20:45","Wi-Fi, Parking, Surau, Community Center","850","2010","Generic note about this mosque."
"151","Masjid Example 151","Masjid","Selangor","Klang","Jalan Masjid Example 151","0.0000","0.0000","03-0000 1151","contact151@example.com","www.masjidexample151.my","Fajr: 05:30, Dhuhr: 13:15, Asr: 16:30, Maghrib: 19:30, Isha: 20:45","Wi-Fi, Parking, Surau, Community Center","855","2011","Generic note about this mosque."
"152","Surau Example 152","Surau","Selangor","Puchong","Jalan Surau Example 152","0.0000","0.0000","03-0000 1152","contact152@example.com","www.surauexample152.my","Fajr: 05:30, Dhuhr: 13:15, Asr: 16:30, Maghrib: 19:30, Isha: 20:45","Wi-Fi, Parking, Surau, Community Center","860","2012","Generic note about this mosque."
"153","Masjid Example 153","Masjid","Kedah","Alor Setar","Jalan Masjid Example 153","0.0000","0.0000","03-0000 1153","contact153@example.com","www.masjidexample153.my","Fajr: 05:30, Dhuhr: 13:15, Asr: 16:30, Maghrib: 19:30, Isha: 20:45","Wi-Fi, Parking, Surau, Community Center","865","2013","Generic note about this mosque."
"154","Surau Example 154","Surau","Penang","George Town","Jalan Surau Example 154","0.0000","0.0000","03-0000 1154","contact154@example.com","www.surauexample154.my","Fajr: 05:30, Dhuhr: 13:15, Asr: 16:30, Maghrib: 19:30, Isha: 20:45","Wi-Fi, Parking, Surau, Community Center","870","2014","Generic note about this mosque."
"155","Masjid Example 155","Masjid","Johor","Johor Bahru","Jalan Masjid Example 155","0.0000","0.0000","03-0000 1155","contact155@example.com","www.masjidexample155.my","Fajr: 05:30, Dhuhr: 13:15, Asr: 16:30, Maghrib: 19:30, Isha: 20:45","Wi-Fi, Parking, Surau, Community Center","875","2015","Generic note about this mosque."
"156","Surau Example 156","Surau","Kuala Lumpur","Kuala Lumpur","Jalan Surau Example 156","0.0000","0.0000","03-0000 1156","contact156@example.com","www.surauexample156.my","Fajr: 05:30, Dhuhr: 13:15, Asr: 16:30, Maghrib: 19:30, Isha: 20:45","Wi-Fi, Parking, Surau, Community Center","880","2016","Generic note about this mosque."
"157","Masjid Example 157","Masjid","Perak","Ipoh","Jalan Masjid Example 157","0.0000","0.0000","03-0000 1157","contact157@example.com","www.masjidexample157.my","Fajr: 05:30, Dhuhr: 13:15, Asr: 16:30, Maghrib: 19:30, Isha: 20:45","Wi-Fi, Parking, Surau, Community Center","885","2017","Generic note about this mosque."
"158","Surau Example 158","Surau","Negeri Sembilan","Seremban","Jalan Surau Example 158","0.0000","0.0000","03-0000 1158","contact158@example.com","www.surauexample158.my","Fajr: 05:30, Dhuhr: 13:15, Asr: 16:30, Maghrib: 19:30, Isha: 20:45","Wi-Fi, Parking, Surau, Community Center","890","2018","Generic note about this mosque."
"159","Masjid Example 159","Masjid","Malacca","Malacca City","Jalan Masjid Example 159","0.0000","0.0000","03-0000 1159","contact159@example.com","www.masjidexample159.my","Fajr: 05:30, Dhuhr: 13:15, Asr: 16:30, Maghrib: 19:30, Isha: 20:45","Wi-Fi, Parking, Surau, Community Center","895","2019","Generic note about this mosque."
"160","Surau Example 160","Surau","Selangor","Shah Alam","Jalan Surau Example 160","0.0000","0.0000","03-0000 1160","contact160@example.com","www.surauexample160.my","Fajr: 05:30, Dhuhr: 13:15, Asr: 16:30, Maghrib: 19:30, Isha: 20:45","Wi-Fi, Parking, Surau, Community Center","900","1980","Generic note about this mosque."
"161","Masjid Example 161","Masjid","Selangor","Klang","Jalan Masjid Example 161","0.0000","0.0000","03-0000 1161","contact161@example.com","www.masjidexample161.my","Fajr: 05:30, Dhuhr: 13:15, Asr: 16:30, Maghrib: 19:30, Isha: 20:45","Wi-Fi, Parking, Surau, Community Center","905","1981","Generic note about this mosque."
"162","Surau Example 162","Surau","Selangor","Puchong","Jalan Surau Example 162","0.0000","0.0000","03-0000 1162","contact162@example.com","www.surauexample162.my","Fajr: 05:30, Dhuhr: 13:15, Asr: 16:30, Maghrib: 19:30, Isha: 20:45","Wi-Fi, Parking, Surau, Community Center","910","1982","Generic note about this mosque."
"163","Masjid Example 163","Masjid","Kedah","Alor Setar","Jalan Masjid Example 163","0.0000","0.0000","03-0000 1163","contact163@example.com","www.masjidexample163.my","Fajr: 05:30, Dhuhr: 13:15, Asr: 16:30, Maghrib: 19:30, Isha: 20:45","Wi-Fi, Parking, Surau, Community Center","915","1983","Generic note about this mosque."
"164","Surau Example 164","Surau","Penang","George Town","Jalan Surau Example 164","0.0000","0.0000","03-0000 1164","contact164@example.com","www.surauexample164.my","Fajr: 05:30, Dhuhr: 13:15, Asr: 16:30, Maghrib: 19:30, Isha: 20:45","Wi-Fi, Parking, Surau, Community Center","920","1984","Generic note about this mosque."
"165","Masjid Example 165","Masjid","Johor","Johor Bahru","Jalan Masjid Example 165","0.0000","0.0000","03-0000 1165","contact165@example.com","www.masjidexample165.my","Fajr: 05:30, Dhuhr: 13:15, Asr: 16:30, Maghrib: 19:30, Isha: 20:45","Wi-Fi, Parking, Surau, Community Center","925","1985","Generic note about this mosque."
"166","Surau Example 166","Surau","Kuala Lumpur","Kuala Lumpur","Jalan Surau Example 166","0.0000","0.0000","03-0000 1166","contact166@example.com","www.surauexample166.my","Fajr: 05:30, Dhuhr: 13:15, Asr: 16:30, Maghrib: 19:30, Isha: 20:45","Wi-Fi, Parking, Surau, Community Center","930","1986","Generic note about this mosque."
"167","Masjid Example 167","Masjid","Perak","Ipoh","Jalan Masjid Example 167","0.0000","0.0000","03-0000 1167","contact167@example.com","www.masjidexample167.my","Fajr: 05:30, Dhuhr: 13:15, Asr: 16:30, Maghrib: 19:30, Isha: 20:45","Wi-Fi, Parking, Surau, Community Center","935","1987","Generic note about this mosque."
"168","Surau Example 168","Surau","Negeri Sembilan","Seremban","Jalan Surau Example 168","0.0000","0.0000","03-0000 1168","contact168@example.com","www.surauexample168.my","Fajr: 05:30, Dhuhr: 13:15, Asr: 16:30, Maghrib: 19:30, Isha: 20:45","Wi-Fi, Parking, Surau, Community Center","940","1988","Generic note about this mosque."
"169","Masjid Example 169","Masjid","Malacca","Malacca City","Jalan Masjid Example 169","0.0000","0.0000","03-0000 1169","contact169@example.com","www.masjidexample169.my","Fajr: 05:30, Dhuhr: 13:15, Asr: 16:30, Maghrib: 19:30, Isha: 20:45","Wi-Fi, Parking, Surau, Community Center","945","1989","Generic note about this mosque."
"170","Surau Example 170","Surau","Selangor","Shah Alam","Jalan Surau Example 170","0.0000","0.0000","03-0000 1170","contact170@example.com","www.surauexample170.my","Fajr: 05:30, Dhuhr: 13:15, Asr: 16:30, Maghrib: 19:30, Isha: 20:45","Wi-Fi, Parking, Surau, Community Center","950","1990","Generic note about this mosque."
"171","Masjid Example 171","Masjid","Selangor","Klang","Jalan Masjid Example 171","0.0000","0.0000","03-0000 1171","contact171@example.com","www.masjidexample171.my","Fajr: 05:30, Dhuhr: 13:15, Asr: 16:30, Maghrib: 19:30, Isha: 20:45","Wi-Fi, Parking, Surau, Community Center","955","1991","Generic note about this mosque."
"172","Surau Example 172","Surau","Selangor","Puchong","Jalan Surau Example 172","0.0000","0.0000","03-0000 1172","contact172@example.com","www.surauexample172.my","Fajr: 05:30, Dhuhr: 13:15, Asr: 16:30, Maghrib: 19:30, Isha: 20:45","Wi-Fi, Parking, Surau, Community Center","960","1992","Generic note about this mosque."
"173","Masjid Example 173","Masjid","Kedah","Alor Setar","Jalan Masjid Example 173","0.0000","0.0000","03-0000 1173","contact173@example.com","www.masjidexample173.my","Fajr: 05:30, Dhuhr: 13:15, Asr: 16:30, Maghrib: 19:30, Isha: 20:45","Wi-Fi, Parking, Surau, Community Center","965","1993","Generic note about this mosque."
"174","Surau Example 174","Surau","Penang","George Town","Jalan Surau Example 174","0.0000","0.0000","03-0000 1174","contact174@example.com","www.surauexample174.my","Fajr: 05:30, Dhuhr: 13:15, Asr: 16:30, Maghrib: 19:30, Isha: 20:45","Wi-Fi, Parking, Surau, Community Center","970","1994","Generic note about this mosque."
"175","Masjid Example 175","Masjid","Johor","Johor Bahru","Jalan Masjid Example 175","0.0000","0.0000","03-0000 1175","contact175@example.com","www.masjidexample175.my","Fajr: 05:30, Dhuhr: 13:15, Asr: 16:30, Maghrib: 19:30, Isha: 20:45","Wi-Fi, Parking, Surau, Community Center","975","1995","Generic note about this mosque."
"176","Surau Example 176","Surau","Kuala Lumpur","Kuala Lumpur","Jalan Surau Example 176","0.0000","0.0000","03-0000 1176","contact176@example.com","www.surauexample176.my","Fajr: 05:30, Dhuhr: 13:15, Asr: 16:30, Maghrib: 19:30, Isha: 20:45","Wi-Fi, Parking, Surau, Community Center","980","1996","Generic note about this mosque."
"177","Masjid Example 177","Masjid","Perak","Ipoh","Jalan Masjid Example 177","0.0000","0.0000","03-0000 1177","contact177@example.com","www.masjidexample177.my","Fajr: 05:30, Dhuhr: 13:15, Asr: 16:30, Maghrib: 19:30, Isha: 20:45","Wi-Fi, Parking, Surau, Community Center","985","1997","Generic note about this mosque."
"178","Surau Example 178","Surau","Negeri Sembilan","Seremban","Jalan Surau Example 178","0.0000","0.0000","03-0000 1178","contact178@example.com","www.surauexample178.my","Fajr: 05:30, Dhuhr: 13:15, Asr: 16:30, Maghrib: 19:30, Isha: 20:45","Wi-Fi, Parking, Surau, Community Center","990","1998","Generic note about this mosque."
"179","Masjid Example 179","Masjid","Malacca","Malacca City","Jalan Masjid Example 179","0.0000","0.0000","03-0000 1179","contact179@example.com","www.masjidexample179.my","Fajr: 05:30, Dhuhr: 13:15, Asr: 16:30, Maghrib: 19:30, Isha: 20:45","Wi-Fi, Parking, Surau, Community Center","995","1999","Generic note about this mosque."
"180","Surau Example 180","Surau","Selangor","Shah Alam","Jalan Surau Example 180","0.0000","0.0000","03-0000 1180","contact180@example.com","www.surauexample180.my","Fajr: 05:30, Dhuhr: 13:15, Asr: 16:30, Maghrib: 19:30, Isha: 20:45","Wi-Fi, Parking, Surau, Community Center","1000","2000","Generic note about this mosque."
"181","Masjid Example 181","Masjid","Selangor","Klang","Jalan Masjid Example 181","0.0000","0.0000","03-0000 1181","contact181@example.com","www.masjidexample181.my","Fajr: 05:30, Dhuhr: 13:15, Asr: 16:30, Maghrib: 19:30, Isha: 20:45","Wi-Fi, Parking, Surau, Community Center","1005","2001","Generic note about this mosque."
"182","Surau Example 182","Surau","Selangor","Puchong","Jalan Surau Example 182","0.0000","0.0000","03-0000 1182","contact182@example.com","www.surauexample182.my","Fajr: 05:30, Dhuhr: 13:15, Asr: 16:30, Maghrib: 19:30, Isha: 20:45","Wi-Fi, Parking, Surau, Community Center","1010","2002","Generic note about this mosque."
"183","Masjid Example 183","Masjid","Kedah","Alor Setar","Jalan Masjid Example 183","0.0000","0.0000","03-0000 1183","contact183@example.com","www.masjidexample183.my","Fajr: 05:30, Dhuhr: 13:15, Asr: 16:30, Maghrib: 19:30, Isha: 20:45","Wi-Fi, Parking, Surau, Community Center","1015","2003","Generic note about this mosque."
"184","Surau Example 184","Surau","Penang","George Town","Jalan Surau Example 184","0.0000","0.0000","03-0000 1184","contact184@example.com","www.surauexample184.my","Fajr: 05:30, Dhuhr: 13:15, Asr: 16:30, Maghrib: 19:30, Isha: 20:45","Wi-Fi, Parking, Surau, Community Center","1020","2004","Generic note about this mosque."
"185","Masjid Example 185","Masjid","Johor","Johor Bahru","Jalan Masjid Example 185","0.0000","0.0000","03-0000 1185","contact185@example.com","www.masjidexample185.my","Fajr: 05:30, Dhuhr: 13:15, Asr: 16:30, Maghrib: 19:30, Isha: 20:45","Wi-Fi, Parking, Surau, Community Center","1025","2005","Generic note about this mosque."
"186","Surau Example 186","Surau","Kuala Lumpur","Kuala Lumpur","Jalan Surau Example 186","0.0000","0.0000","03-0000 1186","contact186@example.com","www.surauexample186.my","Fajr: 05:30, Dhuhr: 13:15, Asr: 16:30, Maghrib: 19:30, Isha: 20:45","Wi-Fi, Parking, Surau, Community Center","1030","2006","Generic note about this mosque."
"187","Masjid Example 187","Masjid","Perak","Ipoh","Jalan Masjid Example 187","0.0000","0.0000","03-0000 1187","contact187@example.com","www.masjidexample187.my","Fajr: 05:30, Dhuhr: 13:15, Asr: 16:30, Maghrib: 19:30, Isha: 20:45","Wi-Fi, Parking, Surau, Community Center","1035","2007","Generic note about this mosque."
"188","Surau Example 188","Surau","Negeri Sembilan","Seremban","Jalan Surau Example 188","0.0000","0.0000","03-0000 1188","contact188@example.com","www.surauexample188.my","Fajr: 05:30, Dhuhr: 13:15, Asr: 16:30, Maghrib: 19:30, Isha: 20:45","Wi-Fi, Parking, Surau, Community Center","1040","2008","Generic note about this mosque."
"189","Masjid Example 189","Masjid","Malacca","Malacca City","Jalan Masjid Example 189","0.0000","0.0000","03-0000 1189","contact189@example.com","www.masjidexample189.my","Fajr: 05:30, Dhuhr: 13:15, Asr: 16:30, Maghrib: 19:30, Isha: 20:45","Wi-Fi, Parking, Surau, Community Center","1045","2009","Generic note about this mosque."
"190","Surau Example 190","Surau","Selangor","Shah Alam","Jalan Surau Example 190","0.0000","0.0000","03-0000 1190","contact190@example.com","www.surauexample190.my","Fajr: 05:30, Dhuhr: 13:15, Asr: 16:30, Maghrib: 19:30, Isha: 20:45","Wi-Fi, Parking, Surau, Community Center","1050","2010","Generic note about this mosque."
"191","Masjid Example 191","Masjid","Selangor","Klang","Jalan Masjid Example 191","0.0000","0.0000","03-0000 1191","contact191@example.com","www.masjidexample191.my","Fajr: 05:30, Dhuhr: 13:15, Asr: 16:30, Maghrib: 19:30, Isha: 20:45","Wi-Fi, Parking, Surau, Community Center","1055","2011","Generic note about this mosque."
"192","Surau Example 192","Surau","Selangor","Puchong","Jalan Surau Example 192","0.0000","0.0000","03-0000 1192","contact192@example.com","www.surauexample192.my","Fajr: 05:30, Dhuhr: 13:15, Asr: 16:30, Maghrib: 19:30, Isha: 20:45","Wi-Fi, Parking, Surau, Community Center","1060","2012","Generic note about this mosque."
"193","Masjid Example 193","Masjid","Kedah","Alor Setar","Jalan Masjid Example 193","0.0000","0.0000","03-0000 1193","contact193@example.com","www.masjidexample193.my","Fajr: 05:30, Dhuhr: 13:15, Asr: 16:30, Maghrib: 19:30, Isha: 20:45","Wi-Fi, Parking, Surau, Community Center","1065","2013","Generic note about this mosque."
"194","Surau Example 194","Surau","Penang","George Town","Jalan Surau Example 194","0.0000","0.0000","03-0000 1194","contact194@example.com","www.surauexample194.my","Fajr: 05:30, Dhuhr: 13:15, Asr: 16:30, Maghrib: 19:30, Isha: 20:45","Wi-Fi, Parking, Surau, Community Center","1070","2014","Generic note about this mosque."
"195","Masjid Example 195","Masjid","Johor","Johor Bahru","Jalan Masjid Example 195","0.0000","0.0000","03-0000 1195","contact195@example.com","www.masjidexample195.my","Fajr: 05:30, Dhuhr: 13:15, Asr: 16:30, Maghrib: 19:30, Isha: 20:45","Wi-Fi, Parking, Surau, Community Center","1075","2015","Generic note about this mosque."
"196","Surau Example 196","Surau","Kuala Lumpur","Kuala Lumpur","Jalan Surau Example 196","0.0000","0.0000","03-0000 1196","contact196@example.com","www.surauexample196.my","Fajr: 05:30, Dhuhr: 13:15, Asr: 16:30, Maghrib: 19:30, Isha: 20:45","Wi-Fi, Parking, Surau, Community Center","1080","2016","Generic note about this mosque."
"197","Masjid Example 197","Masjid","Perak","Ipoh","Jalan Masjid Example 197","0.0000","0.0000","03-0000 1197","contact197@example.com","www.masjidexample197.my","Fajr: 05:30, Dhuhr: 13:15, Asr: 16:30, Maghrib: 19:30, Isha: 20:45","Wi-Fi, Parking, Surau, Community Center","1085","2017","Generic note about this mosque."
"198","Surau Example 198","Surau","Negeri Sembilan","Seremban","Jalan Surau Example 198","0.0000","0.0000","03-0000 1198","contact198@example.com","www.surauexample198.my","Fajr: 05:30, Dhuhr: 13:15, Asr: 16:30, Maghrib: 19:30, Isha: 20:45","Wi-Fi, Parking, Surau, Community Center","1090","2018","Generic note about this mosque."
"199","Masjid Example 199","Masjid","Malacca","Malacca City","Jalan Masjid Example 199","0.0000","0.0000","03-0000 1199","contact199@example.com","www.masjidexample199.my","Fajr: 05:30, Dhuhr: 13:15, Asr: 16:30, Maghrib: 19:30, Isha: 20:45","Wi-Fi, Parking, Surau, Community Center","1095","2019","Generic note about this mosque."
"200","Surau Example 200","Surau","Selangor","Shah Alam","Jalan Surau Example 200","0.0000","0.0000","03-0000 1200","contact200@example.com","www.surauexample200.my","Fajr: 05:30, Dhuhr: 13:15, Asr: 16:30, Maghrib: 19:30, Isha: 20:45","Wi-Fi, Parking, Surau, Community Center","1100","1980","Generic note about this mosque."
